userId,resId,X
13356,7878,0.76
13356,7878,0.71
13356,2196,0.74
13356,2196,0.76
13356,2196,0.64
15096,2196,0.44
13356,2196,0.83
15096,2196,0.77
13356,2196,0.85
15096,2196,0.84
13356,2196,0.64
15096,2196,0.67
13356,1424,0.8
13356,1424,0.78
13356,1424,0.79
13356,1424,0.76
13356,1424,0.76
13356,2212,0.71
15096,2212,0.81
15096,2212,0.8
15096,2212,0.82
15096,2212,0.84
15096,2212,0.72
13356,1734,0.67
13356,1734,0.73
13356,1734,0.7
1489,1734,0.71
13356,3426,0.82
15096,3426,0.82
15096,3426,0.85
13356,830,0.71
15096,830,0.83
15096,830,0.72
1489,830,0.69
13356,828,0.8
13356,828,0.83
13356,828,0.76
1489,2131,0.52
13356,9394,0.82
13356,4701,0.74
13356,4701,0.77
13356,4701,0.85
13356,4701,0.89
13356,4701,0.66
13356,4701,0.78
1489,4701,0.84
13356,3852,0.76
13356,3852,0.84
15096,4880,0.77
13356,4880,0.78
1489,4880,0.82
13356,274,0.84
13356,274,0.8
13356,274,0.84
13356,274,0.8
13356,274,0.61
15096,274,0.47
1489,3983,0.64
13356,1480,0.84
13356,1480,0.76
13356,3932,0.77
13356,6262,0.78
13356,6262,0.78
13356,6262,0.87
15096,6262,0.84
13356,6262,0.82
15096,6262,0.83
13356,6262,0.88
15096,6262,0.81
13356,6262,0.76
13356,2639,0.82
13356,2639,0.83
13356,2639,0.6
13356,2639,0.73
25661,2639,0.81
13356,4207,0.85
13356,4207,0.73
13356,4207,0.82
13356,4207,0.79
13356,1425,0.67
13356,1425,0.65
13356,3627,0.74
13356,3627,0.68
13356,3627,0.72
1489,3627,0.78
25661,5415,0.82
1489,5415,0.75
15096,829,0.84
15096,829,0.82
15096,829,0.84
15096,829,0.73
15096,829,0.82
15096,829,0.83
19989,829,0.75
1489,829,0.7
13356,2193,0.8
13356,2193,0.68
13356,2193,0.84
13356,2193,0.79
13356,2193,0.91
13356,2193,0.89
13356,2193,0.76
1489,2193,0.55
13356,1632,0.74
13356,7546,0.77
27355,8344,0.77
27355,5452,0.66
25661,5452,0.77
25661,5452,0.71
27355,629,0.75
16282,5383,0.86
16282,5383,0.72
1489,1521,0.58
16162,9177,0.85
16162,9055,0.84
13356,7824,0.82
16162,10234,0.73
16162,4700,0.84
15096,11038,0.79
23518,11038,0.82
27355,721,0.66
27355,5055,0.64
24610,5055,0.68
27355,9897,0.75
24610,9897,0.45
24610,9897,0.7
24610,9288,0.65
24610,723,0.74
14989,723,0.78
16282,723,0.76
24610,723,0.73
24610,723,0.67
24610,724,0.62
24610,724,0.6
24610,724,0.68
24610,740,0.74
24610,740,0.81
16162,10656,0.66
14989,10656,0.74
24610,10656,0.76
16162,6073,0.85
24610,6073,0.5
24610,6073,0.56
16162,6846,0.86
16162,3134,0.63
27355,627,0.81
16282,627,0.77
24610,2240,0.72
2853,2240,0.08
22914,816,0.41
14126,816,0.68
24610,4671,0.77
24610,4671,0.74
27355,3111,0.77
15926,7443,0.81
1489,902,0.55
15926,6468,0.86
16162,725,0.75
16282,725,0.78
24610,725,0.83
27355,3255,0.79
15096,1615,0.65
15096,1615,0.81
15096,996,0.75
15096,996,0.82
15096,996,0.82
15096,996,0.85
15096,996,0.66
13356,1361,0.79
15096,2716,0.83
15096,2716,0.77
15096,2716,0.83
15096,2716,0.83
25661,2716,0.78
25661,2716,0.8
25661,550,0.74
25661,550,0.62
25661,550,0.66
23518,550,0.61
23518,2033,0.75
15096,3637,0.82
15096,3637,0.73
15096,3637,0.8
15096,3637,0.82
15096,3637,0.83
15096,3637,0.82
13356,3637,0.58
25661,1406,0.77
15096,4340,0.84
15096,4340,0.77
15096,4340,0.78
15096,4340,0.87
15096,4340,0.87
25661,4842,0.63
23518,4842,0.78
23518,4842,0.9
23518,4842,0.79
23518,4842,0.85
23518,4842,0.9
23518,4842,0.9
23518,4842,0.88
23518,4842,0.87
23518,4842,0.86
23518,4842,0.81
23518,4842,0.85
23518,4842,0.88
23518,4842,0.85
23518,4842,0.75
23518,4842,0.73
15096,4665,0.8
15096,4665,0.77
15096,4665,0.81
15096,4665,0.81
19989,4665,0.68
15096,4665,0.74
15096,4665,0.68
23518,4665,0.82
23518,11227,0.88
25661,11227,0.87
25661,11227,0.83
23518,11227,0.79
23518,11227,0.92
15096,11227,0.74
25661,3861,0.62
25661,3861,0.79
25661,3861,0.72
15096,4791,0.82
19989,4791,0.72
23518,4791,0.88
25661,4791,0.67
15096,4791,0.77
23518,4791,0.89
23518,4791,0.86
23518,4791,0.79
23518,4791,0.79
23518,4791,0.79
23518,4791,0.62
17005,9684,0.79
30446,9684,0.83
20655,9684,0.78
27772,9684,0.84
17005,9097,0.73
27772,9097,0.82
24753,9097,0.79
24753,9097,0.74
17005,9989,0.74
4440,9989,0.64
4440,9989,0.62
4440,9989,0.66
27772,9989,0.8
4440,9989,0.81
27772,9989,0.78
27772,9989,0.79
27772,9989,0.81
4440,9989,0.76
20655,9989,0.74
30446,9989,0.76
20655,9989,0.74
20655,9989,0.63
30446,9989,0.7
24753,9989,0.78
20655,9989,0.78
20655,9989,0.8
12509,9989,0.71
24753,9989,0.79
12509,9989,0.73
12509,9989,0.75
24753,9989,0.74
24753,9989,0.65
12509,9989,0.78
6779,9989,0.8
12509,9989,0.8
12509,9989,0.66
20655,8412,0.75
20655,671,0.7
30446,671,0.71
12509,671,0.79
20655,671,0.68
12509,671,0.78
30446,671,0.78
12509,671,0.76
12509,671,0.81
30446,671,0.72
30446,671,0.74
30446,10054,0.77
17005,10054,0.75
17005,10054,0.83
30446,10054,0.76
17005,10054,0.8
652,10034,0.87
17005,97,0.71
24753,10034,0.83
24753,6877,0.64
17005,844,0.77
652,844,0.91
14126,844,0.82
27772,844,0.82
4440,844,0.83
27772,844,0.88
4440,844,0.88
27772,844,0.66
20655,844,0.8
27772,844,0.88
24753,844,0.7
15020,844,0.82
31737,844,0.69
24753,844,0.78
30446,844,0.74
15020,844,0.9
17005,7013,0.7
24753,4180,0.8
20655,4762,0.81
652,10951,0.85
24753,10951,0.85
17005,11159,0.71
30446,11159,0.71
31737,1302,0.68
20655,5134,0.8
17005,5134,0.63
24753,10490,0.64
652,1415,0.75
17005,1415,0.78
30446,1415,0.68
4440,1415,0.66
1126,1415,0.8
2853,1415,0.86
2853,1415,0.78
20655,1415,0.6
6779,1415,0.79
22958,567,0.64
12509,567,0.44
18598,567,0.53
20655,6239,0.74
12509,6239,0.79
17005,11022,0.73
17005,11022,0.73
17005,11022,0.71
652,11022,0.81
20655,11022,0.75
20655,11022,0.67
30446,11022,0.78
30446,11022,0.82
20655,11022,0.75
31737,11022,0.79
12509,11022,0.7
31737,11022,0.72
12509,11022,0.74
24753,11022,0.78
31737,11022,0.8
17005,11022,0.68
24753,11022,0.6
24753,11022,0.67
17005,4751,0.77
17005,4751,0.82
20655,4751,0.64
4440,1866,0.76
4440,1866,0.84
15020,1866,0.95
15020,1866,0.88
15020,1866,0.99
15020,1866,0.99
4440,1866,0.81
15020,1866,0.89
15020,1866,0.96
20655,1866,0.7
15020,1866,0.99
15020,1866,0.89
15020,1866,0.92
652,7151,0.84
652,7151,0.84
652,2771,0.8
24753,2771,0.51
24753,2771,0.65
652,5538,0.83
27355,5538,0.6
15020,5538,0.92
17005,10832,0.81
17005,10832,0.82
17005,10832,0.82
17005,10832,0.77
24753,10832,0.83
17005,924,0.84
652,924,0.93
24753,924,0.67
22393,924,0.82
17005,5967,0.84
24753,5967,0.73
20655,5967,0.85
17005,5967,0.85
12509,5967,0.82
30446,5967,0.85
20655,5967,0.86
652,5281,0.84
24753,8722,0.73
17005,5850,0.79
652,5850,0.84
31737,5850,0.81
31737,5850,0.84
17005,5850,0.75
12509,5850,0.77
20655,5850,0.83
20655,5850,0.75
24753,5850,0.7
30446,5850,0.82
20655,5850,0.83
20655,5850,0.82
30446,5850,0.76
17005,5850,0.81
20655,5850,0.77
17005,739,0.56
17005,1289,0.71
12509,1289,0.68
17005,6354,0.82
652,6354,0.81
20655,6354,0.78
20655,6354,0.81
27772,6354,0.82
24753,6354,0.71
27772,6354,0.81
12509,6354,0.65
6779,408,0.75
24753,408,0.5
17005,1945,0.71
4440,1945,0.65
24753,1945,0.67
24753,1945,0.55
12509,1945,0.72
24753,1945,0.73
12509,1945,0.81
24753,1945,0.71
30446,3673,0.68
12509,3673,0.72
20655,3673,0.68
1126,3673,0.63
30446,3673,0.75
20655,3673,0.77
17005,3673,0.82
24753,1930,0.77
17005,1930,0.73
24753,1930,0.75
24753,1930,0.67
24753,1930,0.7
24753,1930,0.75
30446,1930,0.64
24753,1930,0.73
24753,1349,0.7
4440,1349,0.81
27772,1349,0.73
27772,1349,0.67
31737,2962,0.69
4440,2962,0.73
12509,2962,0.6
20655,2962,0.68
31737,2962,0.77
20655,10160,0.83
31737,0,0.77
24753,0,0.8
12509,0,0.78
17005,9713,0.87
30446,9713,0.77
20655,9713,0.86
27772,9713,0.79
31737,7310,0.9
652,7310,0.82
652,7310,0.88
15020,7310,0.73
31737,10443,0.77
652,10443,0.8
17005,10443,0.79
17005,8530,0.78
652,8530,0.89
652,8530,0.82
27772,8530,0.86
24753,8530,0.52
27772,8530,0.68
17005,127,0.75
17005,127,0.71
17005,10674,0.83
17005,10674,0.8
17005,10674,0.79
17005,10674,0.84
17005,10674,0.83
17005,10674,0.8
20655,10674,0.87
17005,10674,0.8
20655,10674,0.86
17005,10992,0.79
17005,10992,0.84
652,6401,0.85
652,6401,0.85
652,6401,0.97
15020,6401,0.99
24753,6401,0.81
15020,6401,0.87
4440,6401,0.86
15020,6401,0.63
24753,6401,0.74
15020,6401,0.98
20655,6137,0.72
30446,8932,0.74
30446,8932,0.79
20655,8932,0.79
20655,8430,0.53
20655,8430,0.74
17005,9657,0.79
20655,9657,0.61
27772,9657,0.55
17005,8316,0.83
652,4804,0.84
652,4804,0.86
24753,4804,0.67
24753,4804,0.75
24753,4804,0.67
24753,4804,0.52
27772,4804,0.71
27772,4804,0.77
4440,4804,0.74
20655,4804,0.81
24753,4804,0.74
31737,11152,0.84
31737,11152,0.73
24753,7027,0.77
17005,10731,0.66
17005,10352,0.64
652,10352,0.66
17005,5985,0.69
20655,5985,0.8
12509,3040,0.74
652,9377,0.77
652,9377,0.69
652,9377,0.84
652,9377,0.84
652,9377,0.7
652,9377,0.88
31737,2,0.81
17005,2672,0.8
17005,2672,0.8
652,2672,0.82
652,2672,0.88
652,2672,0.89
27772,2672,0.79
24753,2672,0.64
16282,2672,0.79
30446,2672,0.79
4440,6696,0.69
4440,6696,0.57
4440,6696,0.62
31737,5017,0.82
24753,5017,0.64
30446,6049,0.82
12509,6049,0.65
12509,6049,0.8
20655,6049,0.83
652,609,0.89
652,609,0.82
652,609,0.84
24753,609,0.75
30446,609,0.75
31737,609,0.86
25350,609,0.8
24753,609,0.66
12509,609,0.83
31737,609,0.8
20655,609,0.75
17005,11241,0.77
31737,2191,0.84
24753,2191,0.75
27772,2191,0.69
30446,2191,0.77
12509,2191,0.74
17005,10558,0.72
27772,10558,0.85
27772,10558,0.8
17005,10379,0.73
30446,10379,0.75
20655,10379,0.69
30446,10379,0.76
12509,10379,0.84
24753,10379,0.77
24753,10379,0.65
12509,8972,0.76
31737,8972,0.84
24753,8972,0.85
27772,9278,0.65
31737,934,0.8
31737,934,0.81
31737,934,0.67
17005,934,0.76
31737,934,0.8
31737,934,0.85
31737,934,0.8
4440,934,0.79
24753,1119,0.59
24753,1119,0.71
15020,2761,0.85
12509,1119,0.82
12509,1119,0.77
24753,5834,0.7
15020,5258,0.89
31737,5258,0.77
24753,5258,0.83
4440,5258,0.8
24753,5258,0.87
24753,5258,0.82
17005,10345,0.62
652,10345,0.81
652,8715,0.92
16842,8715,0.87
12509,8715,0.72
30446,8715,0.77
4440,10345,0.61
24753,10345,0.63
20655,8715,0.81
27772,8715,0.85
20655,10059,0.88
12509,10059,0.58
17005,10059,0.81
20655,10059,0.82
17005,10059,0.79
4440,10059,0.58
30446,10059,0.76
24753,10059,0.62
24753,10059,0.66
4440,10059,0.78
4440,10059,0.76
24753,10059,0.71
12509,10059,0.55
20655,10059,0.66
15020,10059,0.97
24753,539,0.7
4440,539,0.81
652,10949,0.72
17005,1543,0.71
17005,1543,0.79
27772,1543,0.8
24753,1543,0.61
20655,1543,0.75
30446,1543,0.69
20655,1543,0.75
24753,1543,0.69
22958,1543,0.77
20655,1543,0.6
24753,1543,0.52
30446,1543,0.84
20655,1543,0.81
24753,1543,0.65
17005,7393,0.79
24753,7393,0.67
4440,7393,0.72
20655,7393,0.66
30446,7393,0.72
20655,298,0.82
30446,298,0.67
20655,298,0.68
31737,298,0.84
31737,298,0.8
12509,298,0.71
12509,298,0.82
12509,298,0.78
31737,298,0.81
24753,298,0.63
31737,298,0.87
30446,298,0.81
24753,298,0.82
20655,10170,0.69
30446,10170,0.78
24753,10170,0.73
12509,10170,0.74
12509,10170,0.82
20655,10170,0.82
12509,10170,0.84
4440,10170,0.85
24753,10170,0.81
24753,10170,0.8
31737,8683,0.81
24753,1829,0.5
24753,1829,0.8
24753,1829,0.73
20655,1829,0.71
27772,1829,0.58
30446,1829,0.6
4732,8449,0.76
4732,8449,0.71
4732,8449,0.81
18598,8449,0.87
16162,1724,0.84
16162,1724,0.83
2853,1724,0.84
18598,1724,0.79
18598,1724,0.82
24610,6265,0.73
4732,6265,0.73
16162,6265,0.84
24610,5182,0.76
18598,10954,0.76
2853,8825,0.08
18598,8825,0.92
4732,10664,0.73
18598,10664,0.91
18598,10664,0.9
18598,10664,0.77
18598,10664,0.81
18598,10664,0.81
18598,10664,0.86
2853,2264,0.77
4732,2264,0.74
4732,2264,0.88
2853,7404,0.82
24610,7404,0.58
2853,7404,0.91
24610,6872,0.73
18598,6872,0.91
16162,6872,0.85
2853,2824,0.39
2853,2824,0.7
24610,2824,0.77
2853,2824,0.65
4732,2824,0.78
4732,2824,0.84
1489,2824,0.28
16162,2824,0.5
18598,2824,0.82
2853,2824,0.68
2853,2824,0.68
2853,2824,0.84
24610,4597,0.76
24610,4597,0.72
2853,4597,0.85
2853,4597,0.76
4732,4597,0.75
4732,4597,0.76
18598,4597,0.77
4732,4597,0.81
24610,7101,0.73
16162,7101,0.87
2853,9389,1.0
4732,9389,0.73
1489,9389,0.76
4732,9389,0.78
1489,9389,0.71
18598,9389,0.62
5580,9389,0.35
2853,9389,0.8
18598,9389,0.74
18598,9389,0.81
18598,9389,0.75
18598,1463,0.74
18598,1463,0.79
2853,7599,0.82
24610,7599,0.79
24610,1412,0.76
4732,1412,0.75
4732,1412,0.81
4732,1412,0.82
2853,1412,0.47
2853,3465,0.89
24610,3465,0.74
18598,3465,0.92
4732,3465,0.75
4732,3465,0.85
4732,3465,0.72
2853,7686,0.76
18598,8680,0.87
14126,5655,0.71
4732,9520,0.83
4732,9520,0.88
2853,9520,0.84
18598,9520,0.89
18598,9520,0.83
18598,9520,0.79
2853,9520,0.86
18598,9520,0.59
18598,5116,0.83
4732,5116,0.73
16162,5116,0.78
1489,5116,0.66
24610,5116,0.39
16162,5116,0.75
4732,5116,0.78
18598,5116,0.65
4732,57,0.68
4732,57,0.77
18598,57,0.89
18598,57,0.74
12509,57,0.7
4732,57,0.87
18598,57,0.9
2853,57,0.77
18598,57,0.92
18598,57,0.9
18598,57,0.93
18598,57,0.86
18598,57,0.86
18598,57,0.92
18598,10636,0.83
2853,6024,0.67
2853,6024,1.0
2853,6024,0.97
4732,6024,0.82
16162,4378,0.91
4732,4378,0.65
16162,4378,0.81
4732,4378,0.79
4732,4378,0.75
24610,6586,0.77
24610,6586,0.76
4732,6586,0.88
2853,7958,0.97
4732,4344,0.76
4732,4344,0.89
18598,4344,0.89
4732,4344,0.87
2853,3216,0.7
4732,3216,0.74
4732,9779,0.4
4732,9779,0.73
18598,9779,0.89
18598,9779,0.7
18598,9779,0.75
4732,3738,0.8
4732,3738,0.83
4732,3738,0.75
4732,3738,0.85
4732,3738,0.79
4732,3738,0.79
2853,10301,0.73
2853,10301,0.39
4732,10301,0.77
16162,10301,0.67
4732,10301,0.83
4732,10301,0.77
2853,10301,0.86
2853,10301,0.63
4732,10301,0.88
2853,7972,0.36
4732,1691,0.88
4732,1207,0.77
4732,1207,0.75
4732,6096,0.85
2853,10539,0.86
4732,10958,0.85
18598,10958,0.73
18598,10958,0.76
18598,10958,0.75
2853,10880,0.82
2853,10880,0.82
2853,10880,0.39
4732,5183,0.83
5580,5183,0.71
2853,5162,0.09
2853,5162,0.5
2853,5162,0.74
2853,5162,0.54
18598,5162,0.73
2853,7695,0.62
2853,7695,0.98
2853,7695,0.73
25661,2424,0.71
15096,10710,0.78
27355,10713,0.67
1489,10713,0.49
13356,669,0.8
16282,1751,0.8
12509,1307,0.83
12509,9444,0.81
4440,3660,0.81
16282,9951,0.63
12509,9951,0.85
16162,1865,0.71
12509,1523,0.72
12509,1523,0.8
16842,3930,0.77
16842,3930,0.58
16842,3930,0.89
6779,10305,0.79
16842,4709,0.67
27492,1489,0.74
6779,1489,0.76
6779,1489,0.82
16842,4463,0.75
16842,1698,0.79
6779,1698,0.76
27492,3899,0.63
27492,3899,0.76
27492,3899,0.67
27492,3899,0.69
16842,3899,0.84
16842,3899,0.72
16842,3899,0.78
16842,3899,0.85
27492,3666,0.83
14989,1760,0.6
6779,1760,0.85
652,10181,0.8
27492,7092,0.87
16842,7092,0.78
6779,7092,0.62
6779,7092,0.83
652,3683,0.69
27492,5160,0.77
27492,5160,0.78
6779,5160,0.79
6779,1541,0.8
27492,1555,0.49
27492,1555,0.68
16842,1555,0.68
27492,1555,0.67
27492,1555,0.65
27492,1555,0.78
16842,1555,0.57
27492,1555,0.8
27492,1555,0.67
27492,1555,0.8
16842,1555,0.72
27492,2866,0.88
27492,1405,0.82
27492,1405,0.77
27492,1405,0.89
27492,1405,0.88
27492,1405,0.86
27492,1405,0.82
27492,1405,0.83
27492,1405,0.78
16842,1405,0.7
6779,1405,0.67
27492,8420,0.38
27492,8420,0.8
6779,1534,0.78
27492,7486,0.83
27492,7486,0.85
27492,7486,0.88
27492,1604,0.85
16842,1655,0.81
6779,1655,0.83
6779,1655,0.75
652,7835,0.79
27492,7835,0.56
27492,7835,0.55
27492,7117,0.89
27492,7117,0.88
27492,7117,0.8
27492,7117,0.87
27492,7117,0.81
16842,7117,0.68
27492,7117,0.86
27492,7117,0.82
16842,7117,0.83
27492,7117,0.87
6779,1806,0.52
27492,7913,0.77
16842,7913,0.71
14989,5338,0.72
6779,5338,0.8
6779,1029,0.71
6779,2195,0.84
6779,3068,0.83
6779,3068,0.79
16842,2863,0.82
6779,204,0.78
6779,1519,0.91
27492,1449,0.32
27492,1449,0.73
6779,935,0.76
6779,935,0.76
16842,2159,0.76
27492,2159,0.8
27492,1384,0.5
6779,1384,0.85
16842,1600,0.76
6779,1600,0.77
6779,1832,0.86
27492,8534,0.76
27492,7398,0.72
27492,7398,0.77
27492,3427,0.79
27492,3427,0.78
27492,3427,0.83
27492,3427,0.86
16842,3427,0.74
27492,3427,0.88
16842,3803,0.8
16842,3803,0.81
652,9025,0.82
27492,9025,0.7
16842,1416,0.64
16842,1416,0.83
6779,1416,0.8
6779,1416,0.79
16842,1509,0.84
6779,1509,0.72
6779,1773,0.87
6779,1773,0.82
27492,6909,0.8
27492,6909,0.73
27492,6909,0.82
27492,6909,0.7
27492,6909,0.74
16842,6909,0.78
16842,758,0.62
27492,758,0.68
16842,758,0.72
16842,758,0.6
16842,758,0.78
16842,758,0.8
6779,758,0.78
652,6157,0.77
16842,6157,0.75
6779,722,0.81
16842,6260,0.82
6779,5223,0.9
16842,1468,0.9
652,572,0.85
27492,572,0.84
27492,572,0.77
5527,7617,0.72
5527,1949,0.66
5527,1949,0.69
5527,1949,0.63
5527,1949,0.72
5527,1949,0.74
16282,10685,0.58
24753,10685,0.61
5527,553,0.8
14126,553,0.83
14989,553,0.81
14989,10285,0.85
5527,2735,0.77
5527,2735,0.66
14989,2735,0.79
5527,2735,0.69
14989,4764,0.68
30164,5828,0.71
30164,3554,0.82
24753,3554,0.78
14989,3554,0.52
14989,1467,0.73
30164,5515,0.8
30164,888,0.71
14989,5914,0.73
14989,5914,0.73
24610,10843,0.69
14989,10843,0.72
5527,11054,0.55
5527,11054,0.65
30164,1010,0.63
30164,1010,0.71
5527,1010,0.69
14126,9190,0.69
14126,9190,0.69
14989,11300,0.78
14989,9185,0.73
14989,9185,0.75
14989,9185,0.76
14989,452,0.76
5527,442,0.71
5527,442,0.72
14989,442,0.7
5527,442,0.62
5527,442,0.62
17005,442,0.76
5527,442,0.67
30164,442,0.73
5527,442,0.75
20655,442,0.71
5527,442,0.68
5527,442,0.7
5527,442,0.52
5527,442,0.67
5527,442,0.54
5527,442,0.62
30164,2878,0.66
5527,5901,0.73
5527,5901,0.68
5527,3276,0.62
5527,3276,0.72
5527,3276,0.68
5527,6905,0.56
5527,712,0.73
5527,10583,0.63
5527,10104,0.66
14989,623,0.72
30164,1017,0.71
5527,1017,0.76
30164,1017,0.55
5527,1017,0.77
5527,1017,0.76
5527,1017,0.6
5527,1017,0.78
5527,1017,0.77
5527,1017,0.61
15926,873,0.71
22914,967,0.79
22914,967,0.74
22914,967,0.79
22914,967,0.67
22914,967,0.8
22914,967,0.78
24610,967,0.81
15926,967,0.84
24610,3032,0.84
27355,1006,0.73
15926,5298,0.82
24610,5298,0.81
2853,10727,0.75
27355,10727,0.76
15926,2422,0.78
15926,2422,0.63
15926,2422,0.72
15926,2422,0.73
15926,2422,0.6
15926,2422,0.7
15926,2422,0.64
15926,2422,0.66
15926,2422,0.63
16282,5912,0.77
1489,5602,0.82
15926,5867,0.63
15926,9699,0.87
16282,9699,0.7
652,10782,0.78
16282,10782,0.86
15926,10131,0.78
14126,5904,0.77
1489,5536,0.76
27355,10560,0.71
27355,10560,0.73
26818,10317,0.58
22914,11178,0.58
15926,5278,0.7
15926,9183,0.78
22914,9183,0.68
16282,9183,0.78
28461,5297,0.76
24610,7582,0.73
15926,7582,0.8
22914,8567,0.74
22914,8567,0.73
22914,8567,0.73
22914,8567,0.73
16282,11018,0.82
15926,11018,0.84
22914,8494,0.4
16282,1145,0.62
24753,1145,0.67
22914,6066,0.77
22914,6066,0.79
22914,6066,0.82
22914,8819,0.53
24610,5312,0.55
22914,9465,0.7
22914,5345,0.71
22914,5345,0.62
15926,5345,0.78
22914,9465,0.59
22914,9465,0.78
22914,9465,0.7
15926,9780,0.74
24610,2366,0.73
22914,9972,0.76
16282,9972,0.78
1489,9972,0.64
22958,8739,0.84
32138,8739,0.7
4726,1067,0.85
32138,1067,0.86
22958,7620,0.71
22393,7620,0.83
4726,7620,0.83
30446,3667,0.84
20655,3667,0.8
22958,3667,0.78
22393,3667,0.66
1126,3667,0.84
22393,3667,0.82
1126,3667,0.83
25350,3667,0.75
1126,3667,0.82
22958,8911,0.75
25350,8305,0.62
22393,8305,0.85
22958,2700,0.8
25350,2700,0.8
1126,2700,0.77
25350,2700,0.8
20655,7679,0.85
30446,7679,0.78
20655,7679,0.83
25350,2745,0.78
32138,2745,0.61
12509,2745,0.73
24753,2745,0.69
4726,2116,0.84
1126,4109,0.85
4726,4109,0.79
4726,5632,0.85
1126,5632,0.86
12509,5129,0.78
4726,5129,0.89
16842,2736,0.59
14989,2736,0.79
16282,2737,0.78
24753,2737,0.72
14126,2737,0.68
1126,5118,0.61
32138,5118,0.81
25350,7427,0.69
22958,7427,0.75
4726,7427,0.84
25350,7427,0.86
1126,7427,0.87
32138,5593,0.81
4726,5593,0.84
1126,5039,0.86
22393,5039,0.87
22393,5039,0.82
22393,9131,0.83
25350,9131,0.83
1126,2755,0.76
1126,2755,0.65
31737,2755,0.66
32138,2755,0.7
1126,2755,0.68
4726,2755,0.7
4726,1699,0.76
25350,7604,0.84
1126,4134,0.75
4726,4134,0.8
32138,4134,0.74
22393,4134,0.72
652,2843,0.84
4726,2843,0.77
22393,2843,0.82
22393,2402,0.55
22958,2402,0.75
22958,2402,0.73
4726,2402,0.78
12509,4020,0.79
20655,3807,0.82
4726,3807,0.85
25350,6984,0.8
30446,6984,0.8
20655,6984,0.82
32138,6984,0.77
1126,6984,0.78
4726,6984,0.87
25350,6984,0.75
1126,6984,0.86
32138,6984,0.84
1126,1595,0.78
1126,1595,0.78
1126,1595,0.83
25350,3848,0.85
22958,8741,0.88
25350,8741,0.81
22393,9003,0.79
25350,9003,0.81
22958,9003,0.83
22393,486,0.8
30446,5135,0.83
20655,5135,0.81
22393,4395,0.83
22393,4395,0.85
22393,1889,0.75
25350,5135,0.77
16282,4395,0.77
22393,1889,0.54
1126,5135,0.79
4726,5135,0.79
22393,4395,0.42
30164,5135,0.7
22393,4395,0.72
12509,5135,0.77
22958,4395,0.57
1126,1889,0.73
22958,1889,0.66
22393,1889,0.7
14126,5135,0.69
22393,486,0.58
25350,4395,0.71
22393,486,0.6
4726,486,0.84
22393,486,0.79
22393,486,0.83
1126,4395,0.76
22958,1889,0.79
22958,486,0.75
22958,486,0.75
30446,486,0.84
20655,486,0.64
22393,486,0.58
25350,486,0.52
32138,486,0.88
1126,486,0.6
4726,4395,0.83
30446,486,0.75
20655,486,0.75
22958,486,0.79
25350,486,0.47
22958,1889,0.9
1126,1889,0.8
22393,1306,0.45
22958,1306,0.59
4726,1306,0.87
32138,1306,0.83
1126,1306,0.85
20655,9994,0.83
1126,7487,0.74
25350,948,0.71
32138,948,0.55
22958,6067,0.75
22958,6067,0.75
22958,6067,0.84
22393,2694,0.79
4726,2694,0.73
32138,2694,0.46
32138,2055,0.88
25350,2055,0.6
32138,2055,0.79
22958,4978,0.75
22958,4978,0.75
25350,2055,0.71
22393,4978,0.85
1126,4978,0.79
22958,4978,0.79
1126,2055,0.88
22393,4978,0.79
30446,2055,0.76
20655,2055,0.85
20655,2055,0.72
32138,2055,0.89
1126,4978,0.81
4726,4978,0.78
1126,2055,0.89
32138,2055,0.83
1126,4978,0.83
1126,4978,0.72
1126,2055,0.83
30446,2055,0.83
1126,8078,0.61
22393,8078,0.72
22958,8078,0.75
22958,8078,0.75
22958,8078,0.83
22393,8078,0.84
22958,8078,0.57
1126,8078,0.9
22393,8078,0.87
25350,8078,0.82
22958,3300,0.84
4726,3300,0.79
22393,8719,0.8
22958,8719,0.6
1126,519,0.9
22393,519,0.68
4726,519,0.85
1126,519,0.83
25350,1356,0.68
24753,1356,0.8
12509,1356,0.79
25350,10937,0.74
25350,10937,0.74
25350,10937,0.81
25350,10937,0.68
22393,2481,0.64
31737,10937,0.7
32138,2481,0.89
1126,2481,0.87
23518,10937,0.89
25350,10937,0.69
25350,10937,0.79
4726,10937,0.81
22393,2481,0.55
1126,2481,0.73
32138,2481,0.81
1126,2481,0.87
12509,10937,0.81
14989,10937,0.71
25350,2481,0.81
4726,2481,0.88
25350,5268,0.64
32138,5268,0.68
4726,5268,0.74
1126,6517,0.83
4726,6517,0.79
12509,6517,0.73
25350,8894,0.76
4726,2013,0.85
25350,2013,0.69
4726,2013,0.86
22958,4603,0.83
25350,4603,0.8
32138,4603,0.85
22958,4603,0.83
4726,4603,0.86
1126,4603,0.67
4726,4603,0.87
4726,4603,0.84
22393,6751,0.71
4726,6751,0.85
4726,6751,0.77
22393,3997,0.72
31737,3997,0.92
32138,3997,0.86
12509,3997,0.82
1126,3997,0.91
1126,3997,0.85
1126,3997,0.87
22393,3997,0.84
32138,7580,0.85
4726,7580,0.89
32138,7580,0.79
1126,7580,0.61
32138,7580,0.77
22958,7580,0.84
22958,7580,0.7
12509,7580,0.8
25350,2734,0.68
1126,2734,0.77
1126,2734,0.78
4726,2734,0.8
22958,1092,0.75
1126,1092,0.69
22958,1092,0.77
32138,1092,0.86
1126,11033,0.78
32138,11033,0.81
20655,10014,0.77
1126,10014,0.67
20655,10014,0.78
20655,10014,0.74
24753,10014,0.26
22393,8273,0.84
25350,8273,0.87
22958,8273,0.64
4440,9462,0.58
12509,9462,0.78
4726,9462,0.88
22958,9462,0.86
12509,9462,0.79
4726,9462,0.89
25350,3016,0.9
32138,3016,0.87
25350,3016,0.83
32138,3016,0.8
1126,2216,0.84
1126,2216,0.8
32138,2216,0.91
32138,2216,0.78
32138,1023,0.7
12509,1023,0.76
1126,1023,0.82
30446,1023,0.85
4726,1023,0.83
20655,1023,0.76
1126,1023,0.83
12509,1023,0.77
22393,1195,0.84
32138,1195,0.7
1126,1195,0.68
22958,6548,0.75
22393,6548,0.55
22958,6548,0.75
22958,6548,0.75
22958,6548,0.75
22958,6548,0.84
25350,6548,0.85
32138,6548,0.83
1126,6548,0.88
12509,6548,0.78
4726,6548,0.87
12509,4646,0.78
1126,4646,0.88
22393,4646,0.6
25350,4646,0.55
4726,4646,0.85
12509,4646,0.76
1126,4646,0.85
5580,3152,0.73
28405,3152,0.69
16162,3152,0.74
21021,3152,0.78
28405,3152,0.66
21021,3152,0.64
5580,477,0.58
21021,477,0.76
28461,2015,0.85
5580,2015,0.81
28405,5230,0.57
28405,5230,0.72
21021,5230,0.7
28405,2129,0.67
28405,2129,0.58
28405,467,0.71
28405,467,0.7
28405,467,0.69
28405,467,0.7
21021,3835,0.75
21021,3835,0.76
21021,3835,0.73
28405,3835,0.76
21021,3835,0.71
21021,5279,0.69
22428,5279,0.82
28405,5279,0.78
28405,5279,0.67
5580,5279,0.82
16162,5279,0.77
28405,5279,0.73
22428,5279,0.84
28405,5279,0.82
28405,5279,0.84
28405,5279,0.82
28405,5279,0.79
1489,5279,0.77
21021,3754,0.67
28405,3754,0.59
28405,3754,0.64
28405,3754,0.6
5580,3208,0.63
21021,3409,0.74
21021,3409,0.77
21021,3409,0.76
22428,3409,0.78
5580,3409,0.73
21021,3409,0.69
21021,3409,0.79
5580,3889,0.9
25350,3889,0.92
5580,3889,0.98
5580,3889,0.9
5580,3889,0.92
28405,651,0.82
28405,651,0.81
28405,10577,0.69
28405,10577,0.73
5580,10577,0.79
28405,10577,0.67
28405,10577,0.81
16162,10577,0.73
21021,10577,0.82
22428,10577,0.8
28405,10577,0.73
28405,10577,0.81
21021,10577,0.78
22428,10577,0.7
28405,10577,0.8
22428,180,0.82
22428,180,0.69
22428,180,0.78
22428,180,0.74
22428,180,0.82
28405,180,0.67
16162,180,0.72
21021,180,0.69
21021,180,0.78
28405,180,0.74
21021,180,0.76
28405,180,0.66
24753,180,0.68
22428,2377,0.83
22428,2377,0.8
22428,2377,0.62
16842,5058,0.63
16162,5058,0.79
22428,7001,0.84
5580,7001,0.79
28405,3806,0.75
28405,3806,0.75
28405,3806,0.76
28405,3806,0.76
28405,3812,0.83
21021,3812,0.81
28461,3483,0.82
5580,3483,0.84
28405,3483,0.57
28405,3483,0.55
5580,3483,0.59
5580,3483,0.68
28405,3483,0.84
22428,3483,0.46
24753,5057,0.75
5580,5057,0.62
28405,5057,0.49
16162,5057,0.33
28405,5057,0.83
21021,5057,0.57
28405,5136,0.85
28405,5136,0.76
28405,5136,0.76
28405,5136,0.84
22428,5276,0.83
28405,5276,0.67
28405,5276,0.77
28461,1262,0.81
5580,5276,0.96
22428,5276,0.85
16162,1262,0.73
28405,5276,0.84
22428,5276,0.75
28405,1262,0.76
28405,5276,0.87
21021,5276,0.88
28405,1262,0.87
28405,1262,0.75
1489,1262,0.72
17005,9688,0.84
17005,9688,0.74
22914,8073,0.6
28405,8073,0.82
22428,8073,0.78
28405,8073,0.73
22428,8073,0.86
28405,8073,0.86
21021,8073,0.87
22428,2812,0.82
28405,2812,0.82
5580,2455,0.89
5580,2455,0.68
5580,2455,0.76
5580,2455,0.81
5580,2455,0.8
5580,2455,0.85
5580,2455,0.77
22428,5979,0.84
28405,5979,0.79
21021,7416,0.72
22428,7416,0.68
21021,7416,0.79
16162,7416,0.75
21021,7416,0.78
21021,7416,0.75
5580,10651,0.76
16162,10651,0.66
28405,10651,0.8
28405,10651,0.8
22428,10651,0.83
25350,3524,0.47
16842,3524,0.49
2853,3524,0.87
16162,3524,0.71
22428,3749,0.8
22428,3749,0.66
22428,3749,0.72
22428,3749,0.77
5580,8952,0.69
5580,2985,0.31
21021,2985,0.78
28405,2985,0.86
22428,3563,0.77
28405,3563,0.71
21021,2985,0.74
22428,2985,0.51
28405,3563,0.74
28405,2985,0.87
28405,2985,0.87
28405,2985,0.84
22428,3563,0.79
28405,3563,0.79
22428,3563,0.75
5580,3563,0.83
5580,3563,0.84
21021,3563,0.74
22428,3563,0.83
28405,3563,0.73
5580,3563,0.82
22428,779,0.79
28405,779,0.66
22428,779,0.73
21021,779,0.69
28405,779,0.77
22428,779,0.85
21021,277,0.79
22428,277,0.81
22428,277,0.78
21021,277,0.57
28405,277,0.46
21021,277,0.78
16162,277,0.76
21021,277,0.77
28405,277,0.76
5580,277,0.6
22428,277,0.76
21021,277,0.77
28405,277,0.75
21021,277,0.68
20655,401,0.87
15926,4267,0.78
15926,4267,0.76
15926,4267,0.74
25661,2386,0.83
25661,2386,0.82
13356,4169,0.81
1489,4169,0.77
13356,3120,0.84
15096,3120,0.81
15096,3120,0.81
15096,3120,0.85
15096,2485,0.78
15096,2485,0.73
15096,6737,0.8
15096,6737,0.85
15096,6737,0.82
1489,6737,0.74
15096,1233,0.77
15096,1233,0.84
13356,7984,0.67
13356,7984,0.77
13356,7984,0.73
27355,5503,0.87
12509,5503,0.74
16282,10025,0.79
12509,10025,0.74
16282,1107,0.65
16282,1279,0.68
16162,706,0.75
17005,2345,0.65
15926,2345,0.72
28461,2345,0.79
20655,2345,0.77
5527,2345,0.73
24610,2345,0.73
15926,4796,0.85
15926,4796,0.83
24610,4796,0.69
22914,2617,0.76
13356,1645,0.86
19989,1645,0.67
19989,1645,0.75
19989,1645,0.68
19989,1645,0.68
19989,1645,0.69
19989,1645,0.71
20655,7928,0.72
24610,1617,0.65
19989,1617,0.84
25661,1617,0.77
22914,6663,0.69
15926,6663,0.72
19989,6663,0.9
20655,6663,0.76
13356,6663,0.8
30446,6663,0.68
22914,6663,0.46
15096,6663,0.79
19989,6663,0.71
31737,6663,0.86
19989,4270,0.75
24610,7935,0.7
24610,8675,0.7
22914,178,0.61
24610,178,0.56
13356,178,0.7
24610,178,0.71
24610,178,0.73
16842,178,0.67
19989,178,0.83
19989,6865,0.78
19989,6865,0.73
19989,6865,0.9
1489,531,0.81
1489,531,0.81
19989,7542,0.63
24610,3525,0.68
1489,3525,0.8
15926,5151,0.76
19989,5151,0.71
19989,5151,0.59
15926,5174,0.67
22914,5174,0.72
5527,5174,0.71
16162,7028,0.7
25661,7028,0.74
15926,7028,0.77
24610,7028,0.74
24610,7028,0.77
22914,10356,0.7
15926,10356,0.73
17005,5519,0.65
27355,5519,0.71
13356,5519,0.69
24610,5491,0.56
24610,5491,0.61
13356,5491,0.86
24610,5491,0.76
19989,5491,0.75
22428,5491,0.77
16162,5491,0.8
19989,7652,0.73
16162,7652,0.67
19989,3772,0.39
19989,2272,0.63
19989,2272,0.78
19989,2272,0.73
19989,2272,0.7
19989,2272,0.48
19989,2272,0.78
19989,2272,0.73
24610,4980,0.7
4732,5551,0.82
24753,5551,0.58
19989,7961,0.75
15926,573,0.74
25661,573,0.68
19989,2879,0.96
19989,2879,0.85
31737,10095,0.61
1489,10095,0.66
15096,8017,0.85
15096,8017,0.81
1489,489,0.83
19989,11154,0.69
20655,11154,0.82
19989,3321,0.72
13356,3321,0.79
19989,3321,0.81
13356,5133,0.79
1489,5133,0.7
20655,6834,0.78
31737,6834,0.68
19989,6834,0.43
27355,6834,0.64
24610,7127,0.87
19989,7664,0.77
24610,5411,0.5
19989,5411,0.8
19989,5411,0.58
25661,5411,0.78
15926,5411,0.64
24610,9975,0.47
14989,9975,0.75
27355,9975,0.76
12509,9975,0.75
19989,5890,0.74
1489,5416,0.41
14126,5416,0.76
19989,1294,0.77
4732,1294,0.8
20655,7950,0.79
20655,7950,0.73
20655,7950,0.76
19989,6693,0.9
27355,5104,0.78
19989,5104,0.72
16162,5104,0.85
24610,5104,0.6
5527,5104,0.77
16842,5104,0.71
19989,5104,0.66
15926,5104,0.76
19989,5104,0.68
19989,5104,0.33
19989,5104,0.64
22914,5104,0.64
30164,5104,0.7
19989,2189,0.8
19989,2189,0.81
19989,2189,0.81
19989,2189,0.72
19989,1783,0.82
19989,1783,0.09
19989,1783,0.91
19989,1783,0.8
19989,1783,0.68
19989,1783,0.77
15096,2249,0.83
28461,2249,0.8
22914,5493,0.58
15096,5493,0.8
15926,4442,0.69
2853,4442,0.39
19989,2230,0.92
19989,2230,0.87
24610,4980,0.7
30164,1931,0.9
14989,1931,0.8
14989,4046,0.79
14989,5793,0.72
30164,1862,0.7
14989,1862,0.78
14126,3873,0.84
23977,7560,0.67
23977,7560,0.75
21719,7560,0.69
21719,7560,0.63
23977,7560,0.69
21719,7560,0.67
21719,4919,0.77
23977,4919,0.73
21719,5315,0.8
23977,4872,0.69
23977,4872,0.77
21719,1879,0.76
21719,1879,0.74
23977,1879,0.71
21719,7978,0.87
21719,7978,0.72
23977,7978,0.75
21719,4210,0.79
23977,4284,0.59
21719,4284,0.65
23977,4284,0.77
23977,4676,0.77
21719,4676,0.73
23977,4676,0.65
21719,4676,0.72
23977,4676,0.66
21719,3049,0.51
21719,3049,0.75
5527,3049,0.69
23977,2916,0.79
20655,2916,0.74
21719,2916,0.77
5527,2916,0.71
21719,2707,0.65
5527,2707,0.61
5527,2913,0.75
23977,2913,0.66
21719,2913,0.72
21719,2913,0.78
23977,2913,0.8
21719,4067,0.7
23977,4067,0.67
23977,4067,0.73
5527,3843,0.61
21719,3843,0.75
5527,3843,0.7
23977,3843,0.78
5527,3843,0.62
21719,7758,0.64
23977,7758,0.66
21719,7758,0.61
23977,4500,0.67
21719,4500,0.75
23977,4500,0.69
21719,4500,0.68
21719,4500,0.68
23977,4500,0.64
21719,3127,0.7
23977,3127,0.59
21719,3127,0.67
23977,7081,0.68
21719,7081,0.61
21719,7081,0.59
23977,7081,0.81
21719,7099,0.81
21719,7099,0.69
23977,7099,0.71
21719,7099,0.7
21719,6785,0.65
21719,6785,0.67
23977,6785,0.76
23977,6785,0.6
5527,6945,0.68
23977,6945,0.69
21719,6945,0.77
23977,3359,0.77
23977,4703,0.72
21719,4703,0.73
23977,4703,0.74
21719,7048,0.78
23977,7048,0.75
23977,5158,0.51
23977,5158,0.49
21719,5158,0.56
23977,3227,0.68
21719,3227,0.66
21719,3227,0.62
23977,3227,0.7
21719,2756,0.7
23977,2756,0.71
23977,2756,0.62
21719,2756,0.79
5527,8817,0.72
21719,8817,0.8
21719,5014,0.76
21719,5014,0.67
23977,5014,0.6
5527,5014,0.48
21719,2732,0.77
23977,2732,0.76
5527,2732,0.47
5527,2732,0.69
21719,8745,0.72
16162,1822,0.77
5580,5062,0.79
14126,10084,0.8
27355,1821,0.57
14126,5291,0.73
14126,5287,0.73
22914,5287,0.79
14126,5287,0.78
14126,5287,0.85
27355,6957,0.59
23814,1579,0.68
23814,1579,0.74
23814,1579,0.62
23814,1579,0.43
14126,754,0.75
18598,754,0.8
13356,3029,0.84
13356,3029,0.84
13356,3029,0.83
23814,3029,0.76
23814,5280,0.61
14126,5280,0.61
14126,5280,0.8
27355,749,0.81
23814,749,0.67
23814,749,0.69
23814,749,0.26
18598,749,0.82
23814,11160,0.69
14126,11160,0.81
14989,10168,0.63
24610,1174,0.61
14126,1174,0.51
23814,1174,0.55
23814,1174,0.71
1489,1174,0.57
2853,7572,0.72
23814,7572,0.65
23814,10799,0.6
23814,10799,0.68
23814,10799,0.64
23814,10799,0.5
23814,10799,0.65
23814,10799,0.54
23814,10799,0.63
23814,10799,0.79
23814,860,0.65
23814,860,0.74
23814,860,0.78
23814,860,0.74
23814,1170,0.83
23814,1170,0.88
23814,1170,0.84
14126,5286,0.77
14126,8285,0.8
23814,755,0.61
23814,755,0.65
23814,755,0.61
23814,755,0.68
23814,755,0.7
18598,755,0.74
2853,494,0.75
23814,10649,0.39
14989,10649,0.6
23814,10649,0.67
23814,10649,0.63
23814,10649,0.62
24610,10649,0.46
23814,2947,0.76
23814,2947,0.81
23814,2947,0.59
23814,2947,0.78
23814,2947,0.76
23814,2947,0.73
14989,2947,0.73
23814,2947,0.72
23814,2947,0.77
23814,2947,0.91
18598,11166,0.76
14126,11166,0.69
24610,11147,0.59
14126,11147,0.55
23814,3880,0.65
16162,3880,0.79
15096,2318,0.81
23814,2318,0.54
14989,2318,0.56
23814,2318,0.82
15096,2318,0.8
16282,4865,0.75
22914,4865,0.63
13356,4865,0.76
2853,4865,0.07
13356,8282,0.86
14126,8282,0.88
23814,7438,0.85
25661,3609,0.83
23814,3609,0.81
23814,2173,0.72
13356,3443,0.68
27355,3443,0.63
2853,3443,0.26
23814,3443,0.78
23814,3443,0.53
23814,3443,0.65
23814,3443,0.77
23814,3443,0.59
23814,3443,0.7
23814,3443,0.7
23814,3443,0.76
25661,72,0.85
13356,10781,0.73
13356,10781,0.63
23814,10781,0.69
23814,10781,0.62
23814,10781,0.77
23814,10781,0.54
23814,10781,0.5
14989,10781,0.62
23814,10781,0.65
23814,7993,0.73
24610,7993,0.69
13356,2442,0.84
13356,2442,0.65
14989,1411,0.66
4440,1411,0.79
1489,1411,0.55
20655,2981,0.76
20655,2981,0.8
1489,5320,0.7
16282,1414,0.81
5580,3100,0.73
1489,5776,0.78
16282,1421,0.76
4440,1421,0.55
4440,5842,0.83
16282,2841,0.66
14989,2841,0.79
12509,2841,0.7
28461,5573,0.85
4440,6018,0.77
14989,5379,0.68
1489,5379,0.69
14989,6255,0.81
30446,6255,0.63
20655,6255,0.8
16282,3259,0.78
28461,3674,0.84
28461,40,0.4
1489,40,0.71
14989,1324,0.65
4440,7585,0.86
2853,1319,0.85
30164,8283,0.74
17173,8283,0.81
15020,7205,0.96
30164,7205,0.7
17173,7205,0.79
27772,7205,0.72
27772,7205,0.66
15020,7205,0.59
30164,76,0.74
30164,76,0.63
30164,692,0.73
17173,692,0.72
17173,692,0.82
17173,692,0.88
17173,692,0.87
27772,692,0.68
27772,692,0.88
30164,3823,0.67
17173,3823,0.86
17173,3823,0.82
15020,3823,0.83
30164,3823,0.78
30164,7363,0.74
17173,7363,0.87
17173,7363,0.91
17173,7363,0.83
30164,10995,0.76
17173,10995,0.88
27772,10995,0.81
30164,10995,0.75
30164,6858,0.82
30164,6858,0.63
30164,6858,0.76
30164,10977,0.55
27772,10977,0.81
17173,10977,0.78
17173,10977,0.81
14989,10977,0.77
27772,10977,0.7
30164,10977,0.7
30164,4211,0.72
17173,4211,0.81
17173,4211,0.83
17173,4211,0.83
27772,4211,0.85
27772,4211,0.8
17173,4051,0.82
14989,4051,0.79
17173,4051,0.54
17173,4051,0.77
17173,2725,0.79
17173,2725,0.74
30164,7683,0.73
30164,7683,0.69
17173,7683,0.84
17173,7683,0.81
17173,7683,0.88
17173,7683,0.8
15020,7683,0.88
30446,7683,0.8
17005,7683,0.84
20655,7683,0.84
17173,3239,0.83
23977,3239,0.57
15020,3239,0.85
17173,3146,0.73
15020,3146,0.97
30164,6433,0.81
17173,6433,0.78
27772,6433,0.72
30164,2456,0.83
30164,2456,0.61
30164,2456,0.77
15020,9191,0.86
30164,9191,0.81
15020,9191,0.97
15020,9191,0.97
15020,9191,0.72
17173,9191,0.72
15020,9191,0.9
17173,2237,0.83
14989,2237,0.78
17173,2237,0.78
17173,2237,0.88
30164,2237,0.74
30164,2237,0.61
27772,2237,0.64
15020,8299,0.96
30164,8299,0.8
14989,8299,0.79
17173,8299,0.86
30164,8299,0.82
27772,8299,0.62
30164,3365,0.64
17173,3365,0.84
30164,1031,0.75
17173,1031,0.74
14989,1031,0.74
17173,1031,0.78
17173,1031,0.9
16842,1031,0.71
30164,1031,0.73
15020,9281,0.96
15020,9281,0.91
15020,9281,0.86
15020,9281,0.95
15020,9281,0.84
15020,9281,0.89
30164,9281,0.69
15020,9281,0.75
15020,9281,0.88
15020,9281,0.8
15020,9281,0.77
17173,9281,0.82
15020,9281,0.82
17173,9281,0.74
27772,9281,0.74
17005,6413,0.63
14989,6413,0.73
24610,6413,0.74
25350,10814,0.78
24610,10814,0.66
12509,10814,0.74
12509,10814,0.82
18598,10814,0.85
14126,10814,0.78
24753,9068,0.56
24753,9068,0.59
14126,9068,0.68
24753,9068,0.75
24753,9068,0.63
24753,9068,0.72
1489,9068,0.74
14126,9068,0.76
14126,9068,0.84
24753,9068,0.75
31737,9068,0.82
24753,9068,0.76
1489,9068,0.75
14989,451,0.62
14126,451,0.6
31737,2650,0.68
2853,2650,0.85
24753,2650,0.68
14126,766,0.81
14126,460,0.67
20655,1403,0.45
4440,1403,0.5
1489,1004,0.84
24753,5109,0.81
31737,5109,0.89
16282,3560,0.66
30446,3560,0.72
24753,3560,0.67
12509,3560,0.47
14126,3560,0.75
17005,10665,0.68
652,10665,0.75
652,10665,0.86
652,10665,0.73
20655,10665,0.6
24753,10665,0.66
27355,3043,0.77
24753,3043,0.78
31737,1713,0.78
25350,10808,0.83
4440,10808,0.82
25350,10808,0.84
24753,10808,0.74
652,8311,0.7
652,8311,0.8
652,8311,0.81
22393,8311,0.75
4440,8311,0.79
4440,8311,0.77
4440,8311,0.84
5527,843,0.76
25350,843,0.7
17005,510,0.6
14989,663,0.68
1489,663,0.75
18598,663,0.83
24753,3760,0.64
22914,1978,0.59
24753,1167,0.65
14126,1167,0.78
18598,1167,0.91
24753,1167,0.78
652,7693,0.83
4440,1503,0.72
18598,664,0.81
18598,664,0.8
22914,826,0.6
17005,826,0.74
652,826,0.82
4440,826,0.67
16842,3313,0.64
30446,4276,0.78
17005,4276,0.78
13356,9955,0.82
13356,469,0.76
5580,2581,0.69
5580,2581,0.76
32138,2114,0.94
32138,5277,0.75
32138,3046,0.78
32138,3046,0.8
27355,1666,0.6
2853,1664,0.62
2853,5387,0.82
15926,653,0.61
1489,653,0.49
16282,2146,0.8
28461,2146,0.84
28461,2146,0.83
28461,2146,0.75
16282,2146,0.76
28461,906,0.75
27355,5499,0.75
23518,5499,0.78
23518,5499,0.85
23518,5499,0.79
1489,437,0.59
28461,2434,0.84
28461,2434,0.64
28461,2434,0.64
28461,2912,0.85
28461,2912,0.84
28461,1311,0.85
28461,3183,0.84
28461,3183,0.81
28461,3183,0.83
28461,3183,0.79
28461,3183,0.74
16282,470,0.76
28461,470,0.71
28461,470,0.78
28461,5688,0.84
28461,5688,0.85
28461,5688,0.8
28461,5688,0.82
23518,1733,0.74
1489,1733,0.65
16282,591,0.56
28461,591,0.85
28461,591,0.5
28461,591,0.51
28461,527,0.82
16282,527,0.72
28461,1909,0.66
28461,1909,0.48
24610,835,0.54
24610,835,0.57
27355,1123,0.59
1489,1123,0.54
16282,532,0.77
16282,8024,0.75
27355,903,0.79
27355,903,0.68
28461,905,0.84
28461,905,0.69
28461,4945,0.64
28461,4945,0.55
28461,4945,0.62
28461,1071,0.86
16282,1071,0.79
28461,4435,0.74
28461,4435,0.78
28461,4435,0.84
16282,620,0.77
16282,7453,0.81
28461,7453,0.81
13356,257,0.64
28461,4677,0.84
28461,4677,0.83
28461,4677,0.82
15096,973,0.88
15096,1429,0.75
15096,1429,0.79
18598,1429,0.84
16282,3298,0.71
13356,1146,0.75
25661,1146,0.7
25661,1146,0.7
23518,1146,0.76
25661,1146,0.72
25661,1437,0.76
25661,1437,0.63
25661,1437,0.79
25661,1437,0.84
25661,2417,0.79
25661,2417,0.79
25661,2417,0.89
25661,2417,0.82
25661,2417,0.86
25661,2417,0.8
25661,2417,0.85
25661,2417,0.87
25661,2534,0.63
25661,2534,0.78
25661,2534,0.89
25661,2534,0.76
25661,2534,0.86
25661,2534,0.84
25661,2433,0.61
25661,2052,0.6
25661,2052,0.83
25661,5661,0.82
25661,5661,0.86
25661,5661,0.82
25661,5661,0.87
25661,2702,0.73
25661,1545,0.83
25661,1545,0.84
25661,1545,0.8
25661,1545,0.74
25661,1545,0.81
25661,1545,0.71
25661,1545,0.71
25661,6750,0.79
25661,6750,0.81
25661,1504,0.78
25661,1504,0.61
25661,1504,0.82
25661,1504,0.7
25661,3934,0.77
25661,3934,0.79
25661,3934,0.81
25661,3934,0.74
25661,3934,0.75
25661,3934,0.79
23518,3934,0.54
13356,5619,0.77
25661,5619,0.8
25661,5619,0.74
25661,5619,0.89
25661,928,0.81
23518,928,0.9
23518,928,0.82
23518,928,0.86
23518,928,0.83
30164,3917,0.63
15096,3532,0.85
15096,3532,0.83
24610,3532,0.73
16162,3504,0.71
27355,2387,0.72
15096,2387,0.79
15096,2387,0.71
18598,2387,0.8
28461,2387,0.7
15926,2387,0.72
22914,2387,0.82
24610,10865,0.68
24610,10865,0.73
24610,2210,0.8
26818,2101,0.8
26818,2101,0.58
26818,2101,0.71
26818,2101,0.77
26818,2101,0.63
26818,2101,0.8
26818,2101,0.83
24610,1490,0.74
24610,1490,0.71
24610,1490,0.57
26818,1490,0.72
26818,1490,0.84
16162,1490,0.78
26818,1490,0.85
26818,1490,0.82
24610,1490,0.74
24610,7034,0.78
24610,7034,0.71
16162,7034,0.78
25661,2174,0.76
26818,1350,0.62
26818,1350,0.85
26818,1350,0.74
26818,1350,0.64
26818,1350,0.63
14126,5307,0.83
27355,1486,0.78
27355,1486,0.78
24610,1486,0.52
27355,1486,0.75
18598,1486,0.88
14126,1486,0.72
16162,1486,0.77
14126,1486,0.57
14126,1486,0.62
18598,1486,0.64
26818,1486,0.76
1489,1486,0.7
18598,1486,0.67
18598,1527,0.83
18598,1527,0.85
22914,2612,0.48
15926,2612,0.7
4732,2612,0.76
14126,2612,0.6
14126,2612,0.53
26818,448,0.65
24610,448,0.52
26818,448,0.63
26818,448,0.77
26818,448,0.75
24610,448,0.69
24610,448,0.7
26818,1013,0.74
22914,5588,0.54
15096,5588,0.78
15096,5588,0.81
24610,5476,0.66
14126,5476,0.55
2853,5476,0.34
4732,5476,0.92
26818,5476,0.6
24610,5476,0.51
27355,7930,0.59
16162,7930,0.76
26818,7930,0.83
26818,7930,0.87
24610,7930,0.77
24610,7930,0.64
26818,1546,0.76
26818,1546,0.74
24610,8202,0.67
24610,7245,0.72
24610,7245,0.75
2853,6105,0.96
27355,5271,0.66
13356,5271,0.67
15096,5271,0.81
15096,5271,0.77
24610,191,0.64
24610,191,0.6
26818,191,0.72
26818,191,0.76
24610,191,0.61
2853,3285,0.36
24610,447,0.75
24610,447,0.63
26818,447,0.81
26818,447,0.76
24610,447,0.73
24610,7313,0.74
16162,7313,0.8
24610,9009,0.28
24610,7624,0.81
24610,621,0.73
24610,621,0.72
26818,621,0.79
24610,621,0.74
14126,621,0.53
22914,6122,0.77
24610,6122,0.61
24610,6122,0.5
24610,3611,0.72
26818,3611,0.74
24610,8347,0.71
24610,8347,0.73
24610,780,0.68
24610,780,0.7
24610,780,0.75
16162,780,0.69
26818,780,0.81
24610,780,0.73
26818,8179,0.83
24610,8179,0.72
27355,10602,0.74
26818,10602,0.68
26818,10602,0.59
24610,7372,0.62
24610,7372,0.62
24610,7372,0.62
24610,7372,0.66
24610,7690,0.77
22914,7720,0.66
14126,7720,0.65
24610,450,0.75
26818,450,0.83
26818,450,0.85
26818,450,0.8
26818,8814,0.67
26818,8814,0.65
26818,8814,0.8
26818,8814,0.78
26818,8814,0.8
26818,8814,0.83
26818,8814,0.81
13356,2741,0.86
4732,2741,0.78
16162,2741,0.65
24610,2741,0.71
